Question,Answer
Q,How do I contact customer support?
A,"You can contact our customer support team by phone at [phone number], via email at [email address], or through the live chat feature on our website [website address] or mobile app."
Q,What are your customer support hours?
A,"Our customer support hours are [mention the days and times of operation, e.g., 24/7, Monday to Friday from 9 AM to 6 PM]."
Q,How do I update my account information?
A,"You can usually update your account information, such as your address, phone number, and email, by logging into your online account on our website or mobile app."
Q,How do I change my password?
A,You can change your account password through the settings section of your online account or mobile app.
Q,How do I upgrade or downgrade my services?
A,You can upgrade or downgrade your services by contacting our customer support team or through your online account. Please note that some changes may be subject to certain terms and conditions.
Q,What is your cancellation policy?
A,Our cancellation policy varies depending on your service agreement and the duration of your contract. Please refer to your contract or contact customer support for details regarding cancellation procedures and any applicable fees.
Q,How do I file a complaint?
A,"If you have a complaint, please contact our customer support team. You can also usually submit a formal complaint in writing via email or mail to the address provided on our website. We take all complaints seriously and will investigate them thoroughly."
Q,What are your terms and conditions?
A,Our full terms and conditions for our services are available on our website at [website address]/termsandconditions. Please review these carefully as they govern your use of our services.
Q,How do I provide feedback on your services?
A,"We welcome your feedback! You can usually provide feedback through surveys we may send you, through the contact forms on our website, or by contacting our customer support team directly."
Q,Do you offer any discounts or promotions?
A,We frequently offer various discounts and promotions for new and existing customers. Please visit our website or contact our sales team to learn about our current offers.
Q,When is my bill due?
A,"Your bill due date is typically [mention the day of the month or billing cycle, e.g., the 15th of each month, 20 days after your billing cycle starts]. You can find the exact due date on the first page of your bill or in your online account."
Q,How can I pay my bill?
A,"We offer several convenient ways to pay your bill, including online through our website or mobile app, setting up automatic payments from your bank account or credit card, paying in person at authorized payment centers, or by mail."
Q,What are the different charges on my bill?
A,"Your bill typically includes charges for your base service plan (e.g., internet, mobile, TV), any add-on services you've selected (e.g., premium channels, extra data), usage-based charges (if applicable), and any applicable taxes and fees. A detailed breakdown of these charges is provided on your bill."
Q,What happens if I pay my bill late?
A,Late payments may incur a late fee as outlined in our terms and conditions. Continued late payments could also lead to service disruption. Please contact us as soon as possible if you anticipate a delay in payment.
Q,How do I set up auto-pay?
A,You can easily set up auto-pay through your online account on our website or mobile app. Navigate to the billing or payment section and follow the instructions to link your preferred payment method.
Q,Can I get a detailed breakdown of my usage?
A,"Yes, you can usually view a detailed breakdown of your data, call, and message usage through your online account or mobile app. This information is typically updated regularly."
Q,What should I do if I think there's an error on my bill?
A,"If you believe there's an error on your bill, please contact our customer support team immediately. You can reach us by phone, email, or through the chat function on our website or app. We will investigate the issue and work to resolve it promptly."
Q,Do you offer paperless billing?
A,"Yes, we encourage paperless billing for your convenience and to help the environment. You can switch to paperless billing through your online account settings. You'll receive an email notification when your bill is ready to view online."
Q,What taxes and fees are included in my bill?
A,"Your bill includes applicable government taxes and regulatory fees, which may vary depending on your location and the services you receive. These are typically listed separately on your bill."
Q,How do I contact customer support?
A,"You can contact our customer support team by phone at [phone number], via email at [email address], or through the live chat feature on our website [website address] or mobile app."
Q,What are your customer support hours?
A,"Our customer support hours are [mention the days and times of operation, e.g., 24/7, Monday to Friday from 9 AM to 6 PM]."
Q,How do I update my account information?
A,"You can usually update your account information, such as your address, phone number, and email, by logging into your online account on our website or mobile app."
Q,How do I change my password?
A,You can change your account password through the settings section of your online account or mobile app.
Q,How do I upgrade or downgrade my services?
A,You can upgrade or downgrade your services by contacting our customer support team or through your online account. Please note that some changes may be subject to certain terms and conditions.
Q,What is your cancellation policy?
A,Our cancellation policy varies depending on your service agreement and the duration of your contract. Please refer to your contract or contact customer support for details regarding cancellation procedures and any applicable fees.
Q,How do I file a complaint?
A,"If you have a complaint, please contact our customer support team. You can also usually submit a formal complaint in writing via email or mail to the address provided on our website. We take all complaints seriously and will investigate them thoroughly."
Q,What are your terms and conditions?
A,Our full terms and conditions for our services are available on our website at [website address]/termsandconditions. Please review these carefully as they govern your use of our services.
Q,How do I provide feedback on your services?
A,"We welcome your feedback! You can usually provide feedback through surveys we may send you, through the contact forms on our website, or by contacting our customer support team directly."
Q,Do you offer any discounts or promotions?
A,We frequently offer various discounts and promotions for new and existing customers. Please visit our website or contact our sales team to learn about our current offers.
Q,What internet speeds do you offer in my area?
A,"Internet speed availability depends on your location and our network infrastructure in that area. Please visit our website and enter your address, or contact our sales team, to see the specific plans and speeds available to you."
Q,How do I check my current internet speed?
A,"You can check your internet speed using various online speed test tools available on the internet. Simply search for ""internet speed test"" on your browser."
Q,What is the difference between download and upload speed?
A,"Download speed refers to how quickly you can receive data from the internet (e.g., streaming videos, downloading files). Upload speed refers to how quickly you can send data to the internet (e.g., sending emails, uploading photos, video conferencing)."
Q,What is data allowance/bandwidth?
A,"Data allowance (or bandwidth) refers to the amount of data you can transfer over a specific period (usually a month) with your internet plan. Some plans offer unlimited data, while others have a specific limit."
Q,What happens if I exceed my data allowance?
A,"If you exceed your data allowance, your internet speed may be temporarily reduced, or you may incur overage charges depending on your plan. You can usually track your data usage through your online account."
Q,How do I troubleshoot my internet connection?
A,"For basic troubleshooting, try restarting your modem and router. Unplug them from the power outlet, wait about 30 seconds, and then plug the modem back in first, followed by the router once the modem has established a connection. If the issue persists, please contact our technical support team."
Q,Do you offer Wi-Fi extenders?
A,"Yes, we may offer Wi-Fi extenders to help improve Wi-Fi coverage throughout your home. Please check our website or contact our sales team for available options and pricing."
Q,What are the system requirements for your internet service?
A,"Generally, you'll need a compatible modem and a Wi-Fi router (which may be provided by us or purchased separately). Specific system requirements might apply for certain advanced features. Please refer to your service agreement or contact our technical support for details."
Q,Can I upgrade or downgrade my internet plan?
A,"Yes, you can usually upgrade or downgrade your internet plan. Please contact our customer support or visit your online account to explore available plans and make changes. Note that some changes might be subject to certain terms and conditions."
Q,What is your acceptable use policy for internet services?
A,"Our acceptable use policy outlines the responsible and appropriate use of our internet services. You can find the full policy on our website. It generally prohibits illegal activities, spamming, and other harmful uses of the network."
Q,What mobile plans do you offer?
A,"We offer a variety of mobile plans to suit different needs, including plans with varying amounts of data, talk time, and text messages. Please visit our website or one of our stores to see our current plan offerings."
Q,How do I check my data usage?
A,You can typically check your data usage through our mobile app or by logging into your online account on our website. Some phones also have built-in data usage monitors.
Q,What are the roaming charges when I travel?
A,Roaming charges vary depending on the country you are visiting. We offer various international roaming packages and options to help you stay connected while traveling. Please check our website or contact customer support for specific roaming rates and packages for your destination.
Q,How do I make international calls?
A,"To make an international call, you'll usually need to dial the international access code (often 00 or 011), followed by the country code, the area code, and the local phone number. Please check your plan details for any specific instructions or international calling rates."
Q,What is VoLTE? Do I need it?
A,"VoLTE (Voice over LTE) allows you to make and receive voice calls over our 4G LTE network, which can provide higher voice quality and faster call setup times. Most modern smartphones support VoLTE, and it's generally recommended to have it enabled for the best calling experience on our network."
Q,How do I set up call forwarding or voicemail?
A,You can usually set up call forwarding and voicemail through your phone's settings or by dialing specific codes. Please refer to your phone's manual or our website for detailed instructions.
Q,What should I do if my phone is lost or stolen?
A,"If your phone is lost or stolen, please contact our customer support immediately to suspend your service and prevent unauthorized use. You should also report the loss or theft to the local authorities."
Q,How do I unlock my phone?
A,"Our unlocking policy varies depending on your contract and the device. Generally, phones purchased outright or after the contract term has been fulfilled can be unlocked. Please contact customer support for specific instructions and eligibility."
Q,Can I keep my existing phone number if I switch to your service?
A,"Yes, in most cases, you can keep your existing phone number when you switch to our service. This process is called number porting. We will guide you through the steps required to transfer your number."
Q,What is the coverage like in my area?
A,"You can check our coverage map on our website to see the estimated coverage in your area. Please note that coverage can vary depending on various factors, including terrain and building materials."
Question,What is data roaming?
Answer,"Data roaming allows you to use mobile data services (internet, apps) on your phone when you are outside [Your Telecom Company's Home Country, e.g., the UAE] network coverage, typically by connecting to a partner network in the country you are visiting. Charges often apply and vary by country and plan."
Question,How much does it cost to receive calls while roaming in the GCC?
Answer,"For customers on our Smart Plan 100 or higher, receiving calls while roaming in GCC countries (Saudi Arabia, Oman, Kuwait, Bahrain, Qatar) is free. For other plans, the rate is X AED per minute. Check our website for specific rates for your plan."
Question,What is the early termination fee for my 12-month contract?
Answer,"If you cancel your 12-month contract before the term ends, an early termination fee (ETF) applies. The fee is typically calculated as [Explain Calculation, e.g., the remaining monthly charges or a fixed amount]. Please refer to section 5.b of your contract terms and conditions for the exact calculation."
Question,How can I check international calling rates?
Answer,You can check the latest international calling rates for any country by visiting our website at [Link to Rate Checker] or by using the [Your Telecom Company] mobile app under the 'International Calls' section. Standard rates apply unless you have an active international calling pack.
Q,What TV packages do you offer?
A,We offer a range of TV packages with different channel lineups to suit various interests and budgets. Please visit our website or contact our sales team for details on our current packages.
Q,How many channels are included in my package?
A,The number of channels included in your package will depend on the specific plan you have selected. You can find a list of the channels included in your package in your account details or on our website.
Q,Do you offer on-demand services or a DVR?
A,"Yes, we typically offer on-demand services that allow you to watch programs at your convenience. We also offer DVR (Digital Video Recorder) options that allow you to record and playback your favorite shows. Availability and features may vary depending on your package and equipment."
Q,How do I troubleshoot my TV service?
A,"For basic troubleshooting, check all cable connections to your TV and set-top box. Try restarting your set-top box by unplugging it from the power outlet for about 30 seconds and then plugging it back in. If the issue persists, please contact our technical support team."
Q,Can I add premium channels to my subscription?
A,"Yes, you can usually add premium channels (e.g., sports, movie channels) to your existing TV subscription for an additional fee. Please contact our customer support or visit your online account to explore available options."
Q,How many devices can I stream on simultaneously?
A,The number of devices you can stream on simultaneously may depend on your TV package and any associated streaming services. Please check your service agreement or contact customer support for details.
Q,What equipment is required for your TV service?
A,"Typically, you will need a set-top box provided by us to access our TV services. Depending on your setup, you might also need cables (HDMI, coaxial, etc.)."
Q,How do I use the interactive program guide?
A,"Our interactive program guide (IPG) allows you to see a schedule of upcoming programs, browse channels, set recordings (if you have a DVR), and access on-demand content. Instructions on how to use the IPG are usually available in your set-top box manual or on our website."
